time;open;high;low;close;Volume
"2018-05-28 06:00:00";573.0449829102;624.5130004883;512.5520019531;618.3289794922;1832550016
"2018-06-04 06:00:00";619.4370117188;623.4290161133;511.8890075684;526.4790039063;2234880000
"2018-06-11 06:00:00";524.8569946289;538.9550170898;459.0039978027;500.4479980469;1264870016
"2018-06-18 06:00:00";499.3829956055;543.7169799805;426.4689941406;457.6719970703;2490579968
"2018-06-25 06:00:00";455.9360046387;470.3439941406;407.9469909668;453.9179992676;1511730048
"2018-07-02 06:00:00";453.824005127;503.199005127;447.1109924316;489.1189880371;1344560000
"2018-07-09 06:00:00";488.8779907227;490.8519897461;422.8099975586;449.8500061035;1350160000
"2018-07-16 06:00:00";450.424987793;513.4329833984;443.6929931641;459.6570129395;1338589952
"2018-07-23 06:00:00";459.4389953613;483.6960144043;449.7279968262;466.6650085449;1631910016
"2018-07-30 06:00:00";466.827;467.952;399.91;410.516;1396820000
"2018-08-06 06:00:00";410.567;414.54;308.488;319.57;1625420000
"2018-08-13 06:00:00";320.21;323.551;254.65;300.834;1447910000
"2018-08-20 06:00:00";301.381;304.372;264.998;275.197;1206650000
"2018-08-27 06:00:00";275.35;301.144;273.65;294.371;1321050000
"2018-09-03 06:00:00";295.181;295.591;188.306;196.924;1585980000
"2018-09-10 06:00:00";197.851;226.604;170.257;220.589;1502260000
"2018-09-17 06:00:00";221.582;251.196;195.308;244.33;1693470000
"2018-09-24 06:00:00";244.844;245.108;206.49;232.848;1765560000
"2018-10-01 06:00:00";233.22;234.145;213.971;226.119;1470480000
"2018-10-08 06:00:00";226.509;230.765;188.707;195.715;1169260000
"2018-10-15 06:00:00";195.27;222.118;194.159;205.142;1190300000
"2018-10-22 06:00:00";205.174;206.932;201.551;205.366;1139140000
"2018-10-29 06:00:00";205.174;211.272;195.734;207.486;1749300000
"2018-11-05 06:00:00";207.1;221.652;206.573;211.34;1501600000
"2018-11-12 06:00:00";211.513;212.623;170.189;177.067;1810920000
"2018-11-19 06:00:00";177.179;177.179;101.77;116.45;2466750000
"2018-11-26 06:00:00";116.343;126.048;102.452;116.388899329;1856199148.78
"2018-12-03 06:00:00";116.378758099;116.61906831;83.4697207864;95.1420594843;1875567179.89
"2018-12-10 06:00:00";94.9921705261;96.2573021247;82.8298902883;85.2620969271;1565817037.1
"2018-12-17 06:00:00";85.3821119977;133.075301961;85.3821119977;130.765259805;3579715060.8
"2018-12-24 05:00:00";130.641669901;157.668703493;115.650099757;139.859452892;2660086834.11
"2018-12-31 05:00:00";140.031074433;160.824889089;132.519392448;157.746199308;3231294371.16
"2019-01-07 05:00:00";157.80948734;158.450431168;116.085966478;116.89780148;2268263943.76
"2019-01-14 05:00:00";116.97909648;130.856742484;116.967561828;119.474828958;2964108269.11
"2019-01-21 05:00:00";119.636456665;119.715437964;113.405291898;113.405291898;2775888287
"2019-01-28 05:00:00";113.285232063;113.688228674;103.336465552;107.492671458;2519334756.88
"2019-02-04 05:00:00";107.625821506;124.853626025;102.934560657;124.806484949;3148766590.14
"2019-02-11 05:00:00";124.871533617;134.460098625;119.600025482;133.59888295;4236081129.54
"2019-02-18 05:00:00";133.03254869;165.549627498;133.00194042;135.852653564;5957715043.41
"2019-02-25 05:00:00";135.499726931;142.525569179;131.328863606;132.249417118;3454374052.6
"2019-03-04 05:00:00";132.157875583;140.857880882;125.402704805;136.758683137;4578438499.35
"2019-03-11 05:00:00";136.849534965;144.558441933;130.94414973;140.000549501;3827157729.14
"2019-03-18 05:00:00";140.104859119;142.267216974;135.855428692;136.986925231;4266845458.42
"2019-03-25 05:00:00";137.081359047;149.613229156;133.490157539;141.514094106;4249050197.37
"2019-04-01 05:00:00";141.46548345;178.322057328;140.737559069;174.531647379;7596176019.73
"2019-04-08 05:00:00";174.449669098;184.377848837;161.029740134;167.838520685;4846298303.14
"2019-04-15 05:00:00";167.897474089;176.70581114;159.555732914;170.046521769;6005571687.88
"2019-04-22 05:00:00";170.017484048;176.850781553;152.08567446;157.29507397;5379894433.33
"2019-04-29 05:00:00";157.291053727;170.645927759;153.18652641;163.450697022;5938415561.86
"2019-05-06 05:00:00";163.337986197;203.466638811;159.988183523;187.325322672;10326050089.57
"2019-05-13 05:00:00";187.417924062;275.394433117;185.305909305;261.292219263;12049250893.84
"2019-05-20 05:00:00";261.267480176;269.16652345;233.793092876;267.069644637;9664267730.9
"2019-05-27 05:00:00";267.141883996;287.201638845;247.348602483;270.225527951;8744111713.27
"2019-06-03 05:00:00";270.088546982;270.334115053;229.257431009;233.086698165;7566421455.56
"2019-06-10 05:00:00";232.830145239;278.143195655;229.341765157;269.223201488;9676746452.62
"2019-06-17 05:00:00";269.090588251;318.565661975;263.144441744;307.827784126;8161062379.67
"2019-06-24 05:00:00";307.722135498;361.398673042;278.573230139;290.695998902;10303111000.42
"2019-07-01 05:00:00";290.268491537;310.139320067;272.602568914;305.700559688;8119724980.55
"2019-07-08 05:00:00";305.734786072;318.223115908;227.269217143;227.578070731;8578339385.95
"2019-07-15 05:00:00";227.965057572;235.025652745;193.990421655;225.630768716;6685082868.05
"2019-07-22 05:00:00";225.698652681;226.862576632;202.252898795;211.186552032;5504887933.63
"2019-07-29 05:00:00";211.123652339;224.623226298;206.867612782;222.66972669;5238542572.36
"2019-08-05 05:00:00";222.650882153;239.115898607;203.793111271;216.092871768;6440605604.67
"2019-08-12 05:00:00";216.055910128;216.142569062;178.142568297;194.493530508;5969012023.76
"2019-08-19 05:00:00";194.556030003;203.560151452;182.689171076;186.842392623;5826017143.09
"2019-08-26 05:00:00";186.73555531;193.442190135;167.071417764;171.629420013;5554799575.86
"2019-09-02 05:00:00";171.697601256;182.977074996;168.341342296;181.355524085;6472677265.55
"2019-09-09 05:00:00";181.362484764;190.399341609;176.500914359;189.789129887;6222874780.04
"2019-09-16 05:00:00";189.689334763;222.871689908;189.689334763;211.545386424;7812854576
"2019-09-23 05:00:00";211.71320384;211.840511211;157.130330654;170.503485433;6497088198.81
"2019-09-30 05:00:00";170.461352821;185.045535125;167.036605844;173.059144782;5852890673.67
"2019-10-07 05:00:00";172.940341536;195.318799252;171.527811489;182.075152956;6733182272.99
"2019-10-14 05:00:00";182.028471088;187.759866683;171.005053485;175.534373653;6801091120.45
"2019-10-21 05:00:00";175.524753686;195.942508543;157.463417749;184.242211278;10815941952.49
"2019-10-28 05:00:00";184.397511597;191.846761455;179.818138575;182.425021922;8760247743.9
"2019-11-04 05:00:00";182.319031206;193.547248514;181.821602875;189.477274196;8752784211.21
"2019-11-11 05:00:00";189.502924735;190.338424095;179.379559595;185.119235523;7364325470.86
"2019-11-18 05:00:00";185.041461746;186.927156663;142.344094109;142.83470143;7782769097.96
"2019-11-25 05:00:00";142.697001106;156.848408706;133.802337987;151.18572935;7102780297.54
"2019-12-02 05:00:00";151.175477999;153.15540271;145.0008918;151.264725315;6441727251.9
"2019-12-09 05:00:00";151.224389965;151.913943664;139.42695086;143.114989792;7235153410.53
"2019-12-16 05:00:00";143.139533136;143.224852565;119.780058221;132.37251946;9121058480.87
"2019-12-23 05:00:00";132.306988432;136.81119671;124.820811411;134.757985408;9708776785.73
"2019-12-30 05:00:00";134.796516661;139.410202121;126.490019807;136.276776707;7526675353.24
"2020-01-06 05:00:00";136.305547376;146.828000336;135.5203966;145.873931189;8528167453.25
"2020-01-13 05:00:00";146.220132646;178.528782319;142.907137969;166.969841975;13713374132.18
"2020-01-20 05:00:00";166.904132899;171.008695889;156.749744617;168.077100489;9261861589.62
"2020-01-27 05:00:00";168.008857304;193.080396944;166.901097609;188.617538168;14054425388.91
"2020-02-03 05:00:00";188.607413495;229.86424688;185.403623948;228.578569991;15031356241.5
"2020-02-10 05:00:00";228.549129167;287.123696828;218.080052078;259.894703492;25152366643.37
"2020-02-17 05:00:00";259.890552078;283.537934246;244.335323068;273.754156046;19585998813.87
"2020-02-24 05:00:00";273.705093013;275.539514719;212.664520176;218.970599927;18179807469.1
"2020-03-02 05:00:00";218.711624433;249.978491516;200.602989381;200.689052256;21381823651.37
"2020-03-09 05:00:00";201.318494784;207.451400445;95.1843005183;125.214304313;12719251812.55
"2020-03-16 05:00:00";124.996113298;150.853809638;105.171442924;123.321147745;12497707223.58
"2020-03-23 05:00:00";123.365981102;141.94853261;121.867883775;125.583730441;9938133668.53
"2020-03-30 05:00:00";125.577896504;146.899878532;125.289680097;143.54664871;11280993590.85
"2020-04-06 05:00:00";143.608209519;175.204131815;143.544606813;161.142420145;15123721385.94
"2020-04-13 05:00:00";160.720665735;188.098920658;150.359424649;181.614959142;19146038381.45
"2020-04-20 05:00:00";181.480229924;199.344968717;170.321271485;197.317530184;18335367011.64
"2020-04-27 05:00:00";197.475716201;227.529689912;193.454161044;210.93315693;20469034664.13
"2020-05-04 05:00:00";210.89085707;216.32768868;182.711162897;188.599570436;25211575192.67
"2020-05-11 05:00:00";188.632189899;209.160936215;180.718334193;207.158694333;15470397302.69
"2020-05-18 05:00:00";207.179785914;215.908468738;193.346429346;202.370350969;11833299571.97
"2020-05-25 05:00:00";201.982647752;244.045261307;200.26427483;230.975700856;12234904813.34
"2020-06-01 05:00:00";230.860252561;252.222002825;230.488045872;245.167259144;9544883157.42
"2020-06-08 05:00:00";245.178572826;249.888304723;229.64505836;234.114695213;7439385176.17
"2020-06-15 05:00:00";234.058302429;236.394304557;221.241757979;228.989820504;5600408177.54
"2020-06-22 05:00:00";229.003374761;248.508019638;219.472677862;225.347168434;6205925718.19
"2020-06-29 05:00:00";225.361436367;232.756119421;222.254997097;227.664598709;5292172428.83
"2020-07-06 05:00:00";227.685011543;248.308862752;227.029522771;242.131695235;6596394717.64
"2020-07-13 05:00:00";242.181866149;244.310516301;231.621168905;238.487523715;6251377304.56
"2020-07-20 05:00:00";238.49487642;316.386325685;234.85264297;309.643609292;12003973025.7
"2020-07-27 05:00:00";309.657923172;411.22831179;307.721358662;370.671711492;18909744275.06
"2020-08-03 05:00:00";371.133859143;406.303965292;367.935506263;391.120454943;9451065592.33
"2020-08-10 05:00:00";378.91148021;437.67617839;374.29263178;433.26398995;73833620471.78
"2020-08-17 05:00:00";433.27514771;440.85968012;381.55236587;393.58052076;91705898918.04
"2020-08-24 05:00:00";393.32302172;438.1069607;3.29814466;416.60954275;102932663417.51
"2020-08-31 05:00:00";424.50855243;485.0971835;319.29379838;354.93877977;164536318269.72
"2020-09-07 05:00:00";355.03865589;389.16467074;324.42713156;365.78634761;235039901040.77
"2020-09-14 05:00:00";366.59935263;394.34866993;356.23393078;371.71432748;115038200779.52
"2020-09-21 05:00:00";371.78198418;375.74409138;318.54509133;357.43849724;102308729291.34
"2020-09-28 05:00:00";357.92592143;369.26441153;336.46715072;352.5790067;87329078294.61
"2020-10-05 05:00:00";352.73681335;378.26715439;334.54556532;375.14204941;89277738124.88
"2020-10-12 05:00:00";374.79874473;395.12214851;362.59741817;378.21369795;95646232659.79
"2020-10-19 05:00:00";378.46963677;420.14165637;367.60106147;406.2177613;99915168195.43
"2020-10-26 05:00:00";406.21798565;411.2798721;375.09240681;396.35818693;92733203628.73
"2020-11-02 05:00:00";396.35599261;465.67547017;371.31273818;453.55478553;104056836727.52
"2020-11-09 05:00:00";453.57415606;475.21725299;435.16388611;447.55909533;86559593872.56
"2020-11-16 05:00:00";447.55898086;579.37247598;445.50163163;558.06809523;117742517844.08
"2020-11-23 05:00:00";558.05952521;621.17342049;485.49730724;575.75804789;148365425751.08
"2020-11-30 05:00:00";575.75708438;635.16058182;563.10664698;601.90899244;141888676785.9
"2020-12-07 05:00:00";601.79709521;602.91792689;532.99842827;589.6632225;81351653044.84
"2020-12-14 05:00:00";589.78248016;673.83423223;577.11843169;638.29084637;100712316663.84
"2020-12-21 05:00:00";638.31518077;711.39355522;560.36424195;682.6423591;113119816164.48
"2020-12-28 05:00:00";683.2058149;1006.56500197;683.2058149;975.50767291;152747909037.73
"2021-01-04 05:00:00";977.05881876;1347.92612492;912.30533777;1262.24666381;301834730091.7
"2021-01-11 05:00:00";1261.62296792;1290.0535966;924.92258485;1230.17227237;259298253002.39
"2021-01-18 05:00:00";1230.31328543;1432.30004202;1046.59657946;1391.60940757;273320283915.11
"2021-01-25 05:00:00";1390.63987263;1467.78494205;1215.31125838;1314.9862286;1311754884435.93
"2021-02-01 05:00:00";1314.85528255;1756.51103181;1274.35775467;1614.22782334;280790741208.45
"2021-02-08 05:00:00";1613.64226828;1871.60354682;1571.57989969;1805.08404652;274834235662.87
"2021-02-15 05:00:00";1804.67678046;2036.28649332;1683.90665476;1935.60106022;222027748896.03
"2021-02-22 05:00:00";1935.55785359;1936.45378227;1300.47211681;1416.0489059;230065320352.8
"2021-03-01 05:00:00";1417.15114276;1730.92418047;1416.41618462;1723.15379607;159760752477.91
"2021-03-08 05:00:00";1724.22924131;1937.6455334;1670.9419727;1854.56437805;167054641758.53
"2021-03-15 05:00:00";1854.08666944;1889.19662834;1705.7160664;1788.21700883;164754388552.03
"2021-03-22 05:00:00";1788.36217793;1811.9682552;1560.37046253;1691.35596451;163726181464.25
"2021-03-29 05:00:00";1691.26318866;2152.45194993;1683.71660162;2093.12285275;199331046462.03
"2021-04-05 05:00:00";2093.26068664;2196.99625318;1945.44212614;2157.65703708;184033037351.23
"2021-04-12 05:00:00";2157.36172782;2547.55559156;2011.76680216;2237.13702776;238346115304.06
"2021-04-19 05:00:00";2238.03276921;2641.09487719;2060.14379518;2316.05965928;285051627060.84
"2021-04-26 05:00:00";2319.47808865;2984.89188214;2308.31516463;2952.05605494;220866851896.01
"2021-05-03 05:00:00";2951.17575409;3981.259091;2951.17575409;3928.84470583;344594950619.12
"2021-05-10 05:00:00";3924.41325439;4362.3505418;3350.95158829;3587.50620646;400749195286.44
"2021-05-17 05:00:00";3581.34294042;3587.7656099;1737.46874792;2109.57985208;398441727887.53
"2021-05-24 05:00:00";2099.93591438;2911.73570619;2090.63957366;2390.305302;278778310750.69
"2021-05-31 05:00:00";2387.19847424;2891.254971;2279.50522543;2715.09266119;206114234749.26
"2021-06-07 05:00:00";2713.04739387;2845.18501945;2265.75800259;2508.39163246;214989180606.08
"2021-06-14 05:00:00";2508.77046164;2639.2292435;2049.96255307;2246.36453295;165998018622.66
"2021-06-21 05:00:00";2245.31786886;2259.46405052;1707.60059497;1978.89466209;181271282626.72
"2021-06-28 05:00:00";1981.38644305;2384.28685703;1963.61552578;2321.72411157;173236166988.33
"2021-07-05 05:00:00";2321.92283563;2403.77348652;2051.06654833;2139.66474161;141898628328.65
"2021-07-12 05:00:00";2140.5069214;2167.71008593;1853.59029665;1895.5521368;109461389917.45
"2021-07-19 05:00:00";1893.05362407;2197.64953352;1722.05078095;2191.37373048;117099495934.14
"2021-07-26 05:00:00";2191.30988759;2695.42949418;2154.73128113;2561.85215266;187113585590.8
"2021-08-02 05:00:00";2557.77475474;3184.60397147;2449.35353558;3013.73275583;236201269058.18
"2021-08-09 05:00:00";3012.88571067;3329.28089123;2900.92591696;3310.50417134;177617150980.96
"2021-08-16 05:00:00";3309.42207261;3333.99493341;2959.0284301;3242.11555659;144657511394.81
"2021-08-23 05:00:00";3241.3575434;3373.38425973;3060.22869554;3227.00277414;122446358199.9
"2021-08-30 05:00:00";3227.19274806;4022.46935966;3151.44468388;3952.13349685;166431911904.22
"2021-09-06 05:00:00";3951.52081413;3968.42648344;3062.22240633;3410.13459276;171456032651.53
"2021-09-13 05:00:00";3407.47198321;3673.3108990605;3121.5140682683;3329.4478948984;127464621870.36
"2021-09-20 05:00:00";3329.6707152299;3343.3254174779;2676.407414784;3062.2653558037;165736116791.05
"2021-09-27 05:00:00";3065.8379850737;3484.6057720586;2786.9882360322;3418.3586596174;126510518146.3
"2021-10-04 05:00:00";3418.7762562226;3667.9575290711;3283.4487945171;3425.8528528103;120426108411.75
"2021-10-11 05:00:00";3419.7269043163;3962.4531339241;3385.7616989573;3847.1045954765;125796571015.95
"2021-10-18 05:00:00";3847.7300521785;4366.0883589591;3686.7503851904;4087.9030050266;131136502496.67
"2021-10-25 05:00:00";4084.4256657302;4455.7353969388;3905.7061144461;4288.0744524723;140412419358.96
"2021-11-01 05:00:00";4288.2174696576;4664.9100755769;4160.9668430561;4620.5545029476;121471900420.6
"2021-11-08 05:00:00";4619.6495493753;4859.5030728835;4485.0934435672;4626.3591259873;125752889254.43
"2021-11-15 05:00:00";4627.0910165462;4891.7046975514;3959.2277899264;4269.7330337867;137429429244.35
"2021-11-22 05:00:00";4266.509396049;4550.8422513571;3933.5064907621;4294.453696226;141179727083.43
"2021-11-29 05:00:00";4296.9468203366;4780.7324839017;3525.4940537032;4198.3228725403;186741981086.34
"2021-12-06 05:00:00";4199.0002132664;4482.314098365;3846.0544772798;4134.4533314793;152799880859.39
"2021-12-13 05:00:00";4136.3597423727;4145.9553115796;3664.7198846949;3922.5926443659;152915544013.32
"2021-12-20 05:00:00";3923.6957501077;4149.0266811302;3759.4032003026;4067.328096647;104768396133.69
"2021-12-27 05:00:00";4064.7464106798;4126.0014394714;3595.2048825948;3829.565044537;91186714758.13
"2022-01-03 05:00:00";3829.5357411468;3876.7850857924;3020.880901329;3157.7514845574;121333429463.15
"2022-01-10 05:00:00";3157.5704669721;3401.2199272007;2947.6836134591;3350.9219689819;99393420482.98
"2022-01-17 05:00:00";3350.9471774776;3355.8193301296;2330.2472737849;2535.0390510606;119849284036.65
"2022-01-24 05:00:00";2535.8910021853;2705.7840662468;2172.3011525157;2603.4665820569;117096524890.96
"2022-01-31 05:00:00";2603.2633963512;3061.2611522514;2489.0721760024;3057.4761243596;95160222839.92
"2022-02-07 05:00:00";3057.421998377;3271.3161539173;2845.39761289;2883.4634878657;101267138646.06
"2022-02-14 05:00:00";2880.1876755448;3185.5207014857;2585.9463980529;2628.6485428626;91462217526.85
"2022-02-21 05:00:00";2627.6654506506;2849.4239850077;2308.914730637;2621.8017939844;122785980804.5
"2022-02-28 05:00:00";2621.172149798;3029.6515598419;2555.0374406482;2555.0374406482;99193551777.51
"2022-03-07 05:00:00";2555.2975782329;2761.7964691672;2455.5937269856;2518.9446311693;83530580779.95
"2022-03-14 05:00:00";2518.4863109625;2979.9869569661;2505.2992261971;2860.4591299715;94797948956.36
"2022-03-21 05:00:00";2860.1031820922;3291.5775859525;2838.2504777352;3291.5775859525;105454717557.6
"2022-03-28 05:00:00";3292.3223941196;3573.9602434336;3223.8913040261;3522.8334004961;133030130023.59
"2022-04-04 05:00:00";3522.3649308716;3546.7068571416;3155.5809924614;3211.8668836881;115161750800.65
"2022-04-11 05:00:00";3209.5769925259;3214.4618628244;2957.8724121469;2993.4032822558;104523858982.31
"2022-04-18 05:00:00";2993.4838088845;3173.4514044414;2893.9127956431;2922.7326431959;104712950418.63
"2022-04-25 05:00:00";2922.990187335;3026.4150399661;2727.4063382467;2827.7561442638;124872258104.43
"2022-05-02 05:00:00";2827.6139964462;2956.6868876721;2498.4300585393;2517.4599862673;127664655327.07
"2022-05-09 05:00:00";2518.5083805289;2528.2581724029;1748.3030634491;2145.7066657035;217861782390.05
"2022-05-16 05:00:00";2145.8368067731;2145.8368067731;1907.0205049959;2043.17012556;111825123088.97
"2022-05-23 05:00:00";2042.3447861797;2080.3333765372;1721.2647487201;1812.0309589115;115325885106.11
"2022-05-30 05:00:00";1811.8860421102;2005.4909850528;1746.50976013;1805.2049888952;108453102399.78
"2022-06-06 05:00:00";1805.6360182343;1915.0304964045;1436.1839205992;1445.2165942978;133690012414.73
"2022-06-13 05:00:00";1443.8354737063;1448.7380358192;896.1090090893;1127.6564667996;192980661259.37
"2022-06-20 05:00:00";1127.6562680705;1272.1312797085;1049.7633248715;1199.8316334895;106600343943.09
"2022-06-27 05:00:00";1199.7130771315;1234.1808345629;1009.0948524127;1073.7669875108;94244778628.4
"2022-07-04 05:00:00";1073.7942676361;1262.885768602;1048.3963771922;1168.4016110715;95592580422.42
"2022-07-11 05:00:00";1168.1390293968;1378.4174946676;1019.2203189881;1338.6357028739;111493865590.26
"2022-07-18 05:00:00";1338.8060134638;1654.4287300645;1338.8060134638;1599.4766489444;149288976347.29
"2022-07-25 05:00:00";1599.1572770221;1774.5764401636;1362.9517125396;1681.5173192968;142089787865.58
"2022-08-01 05:00:00";1681.4455627267;1744.3263946508;1567.8510467031;1699.350770887;108427606862.42
"2022-08-08 05:00:00";1699.693431576;2022.7915557482;1665.0905105381;1936.8020451588;127819380138.02
"2022-08-15 05:00:00";1936.760487789;2007.2103250958;1534.2988548054;1619.3189146712;131385531341.91
"2022-08-22 05:00:00";1619.1668131094;1718.1832201813;1430.5473363095;1430.5473363095;126136964075.47
"2022-08-29 05:00:00";1430.4394923917;1643.1832493667;1427.728355783;1577.6416253492;112937029418.37
"2022-09-05 05:00:00";1577.8840180831;1784.4977849581;1500.0136769346;1761.8000273934;119025564692.33
"2022-09-12 05:00:00";1762.0848742135;1778.1634707003;1331.4947236814;1335.3291310415;128923826821.57
"2022-09-19 05:00:00";1335.2707285245;1388.2722606977;1229.4267080593;1294.2167741314;115212034190.6
"2022-09-26 05:00:00";1294.3861539517;1396.8915132209;1267.8692186213;1276.0935583214;94753456490.34
"2022-10-03 05:00:00";1276.1634116504;1380.4049004581;1271.1509114179;1322.6043002227;63453338236.14
"2022-10-10 05:00:00";1322.6186703697;1339.7447068821;1209.2781567993;1306.2966216886;71327918676.21
"2022-10-17 05:00:00";1306.309604668;1367.7607250189;1260.6667427239;1363.4470578564;64675142972.2
"2022-10-24 05:00:00";1363.4918066525;1652.3822187455;1327.8540108573;1590.783325383;149502010545.25
"2022-10-31 05:00:00";1590.4812705393;1661.3346634557;1507.2447410868;1572.2347570875;114763482451.71
"2022-11-07 05:00:00";1572.0169810172;1604.4753249012;1083.2856661926;1221.8192177316;167376418418.1
"2022-11-14 05:00:00";1221.8954835511;1284.217632199;1137.9331880984;1142.4666845863;72098917563.84
"2022-11-21 05:00:00";1142.3957822414;1227.0381402283;1084.8573027563;1195.1269193712;64153692456.72
"2022-11-28 05:00:00";1194.9603531827;1302.0387373486;1156.0625538289;1280.2565936955;48670061836.16
"2022-12-05 05:00:00";1279.9988434499;1302.2375196273;1224.447999377;1263.8685480864;35539736909.99
"2022-12-12 05:00:00";1263.5734307597;1346.174482644;1162.1757117767;1184.7152322367;53687672267.1
"2022-12-19 05:00:00";1184.758320599;1226.9987512693;1160.377253593;1218.9620019434;32547939617.97
"2022-12-26 05:00:00";1218.9201805513;1230.4180313311;1185.7022087846;1200.9648315725;25971388842.69
"2023-01-02 05:00:00";1201.1033098436;1287.3594420315;1195.2150229214;1287.3594420315;28602489221.7
"2023-01-09 05:00:00";1287.4507922311;1563.739097335;1286.6807425099;1552.4794799873;62269098150.1
"2023-01-16 05:00:00";1552.5192550016;1674.1792675335;1509.4229048259;1628.3820424137;57747601466.1
"2023-01-23 05:00:00";1628.5508098992;1653.7250181562;1530.797907652;1646.1555880184;58168481784.76
"2023-01-30 05:00:00";1646.147646973;1704.4581741617;1546.6607903551;1631.645879411;55380178544.18
"2023-02-06 05:00:00";1631.6452874606;1688.5272184622;1501.4620055391;1515.033688007;52062302110.32
"2023-02-13 05:00:00";1514.9170530348;1732.8010975279;1470.0239826862;1681.4361293747;63586351348.93
"2023-02-20 05:00:00";1682.3370321616;1716.489354478;1567.6316958876;1640.8171556492;54922618697.01
"2023-02-27 05:00:00";1640.7636662849;1672.0510884172;1551.7368754146;1564.4687207107;47678471588.74
"2023-03-06 05:00:00";1564.3831282731;1607.1525918591;1378.5254019388;1590.2929484563;67750677013.58
"2023-03-13 05:00:00";1590.8311873178;1843.8441082245;1572.0746525543;1785.5765822409;85907403134.57
"2023-03-20 05:00:00";1785.416296437;1853.8880031017;1716.6520353547;1775.6767503974;69752316269.85
"2023-03-27 05:00:00";1775.4813314056;1844.6773771632;1690.5165853535;1795.7080919438;56698859299.41
"2023-04-03 05:00:00";1794.9224275133;1937.4975566589;1765.5188951201;1859.3877707862;58358563194.89
"2023-04-10 05:00:00";1859.7411671193;2137.4451201451;1848.1641464424;2120.0058201151;84529607206.4
"2023-04-17 05:00:00";2120.0012396305;2121.5315194109;1827.7889939322;1862.0620571837;69509147714.66
"2023-04-24 05:00:00";1862.0853137599;1962.5676586667;1792.4638100278;1876.9243269741;64508170257.91
"2023-05-01 05:00:00";1868.8910607926;2017.55948262;1809.1932146219;1873.0764708369;57052844702.47
"2023-05-08 05:00:00";1872.4751384308;1886.8002994553;1742.4037545434;1800.5010095513;52730036667.93
"2023-05-15 05:00:00";1800.3711607425;1845.6954612692;1774.1950122934;1804.5313803255;35504669941.42
"2023-05-22 05:00:00";1804.8418680605;1915.7232262948;1763.3651212148;1910.9141581907;39805987957.45
"2023-05-29 05:00:00";1909.2975362;1926.4217704419;1846.2274137377;1890.5135595696;36189717424.1
"2023-06-05 05:00:00";1890.4176597218;1896.222644097;1721.4431184382;1753.4152398112;50365386090.72
"2023-06-12 05:00:00";1753.0754314612;1766.7631401112;1624.1383321295;1720.577491777;42013230372.55
"2023-06-19 05:00:00";1720.5053375704;1932.531664891;1705.8134349753;1900.5061356568;52845056041.21
"2023-06-26 05:00:00";1900.050251713;1958.1608073706;1822.1028146005;1937.4383914033;53494145485.04
"2023-07-03 05:00:00";1937.8838192993;1974.7750263789;1832.0254181354;1863.0098100363;43641786132.59
"2023-07-10 05:00:00";1863.2401935872;2026.2049230768;1848.7772587755;1923.681857036;48072395365.91
"2023-07-17 05:00:00";1923.6943368597;1936.1775776474;1855.092772111;1889.1916718834;39128185689.66
"2023-07-24 05:00:00";1888.809522871;1889.7619331029;1836.8524404344;1861.6438552675;30881923781.22
"2023-07-31 05:00:00";1861.7552171849;1877.5115199178;1817.4138100776;1827.462079169;33876254754.63
"2023-08-07 05:00:00";1827.239468493;1873.8472283619;1804.716645695;1839.2801756372;29979899334.73
"2023-08-14 05:00:00";1839.3235063352;1853.8363541655;1551.7132501336;1684.8520501855;46373697011.37
"2023-08-21 05:00:00";1685.0223109393;1696.5939459757;1596.3840731615;1657.5130726946;35062582484.15
"2023-08-28 05:00:00";1657.4398405634;1742.6373264063;1603.0342292985;1636.1176785766;39977542363.87
"2023-09-04 05:00:00";1635.724776274;1657.3037264093;1604.0405314026;1616.8288799491;29219769342.44
"2023-09-11 05:00:00";1616.7697233826;1652.113161931;1533.4267290521;1622.8967525804;35226825279.49
"2023-09-18 05:00:00";1623.0819273512;1669.0153972799;1573.3058356327;1580.8533621681;29319393203.46
"2023-09-25 05:00:00";1580.7474721019;1750.5957234499;1565.0255567476;1733.8104784386;33870780316.1
"2023-10-02 05:00:00";1732.9840045172;1743.5635808384;1609.8499781489;1633.5485715949;34530422036.13
"2023-10-09 05:00:00";1633.4548524081;1635.4479267065;1523.2375682061;1558.0697934299;32623896902.14
"2023-10-16 05:00:00";1558.3135082146;1667.666669559;1543.5851045863;1663.4299449441;39476937797.62
"2023-10-23 05:00:00";1674.8492105542;1865.095261621;1663.4480436095;1795.5459625534;66964766348.62
"2023-10-30 05:00:00";1795.5891119004;1911.6086358186;1779.3645406198;1894.1576842261;54980094283.37
"2023-11-06 05:00:00";1894.027082265;2134.691403851;1852.7909528241;2045.1870407473;81688660157.38
"2023-11-13 05:00:00";2045.3544851535;2116.0106377179;1910.4454144223;2013.2044472699;82350211540.75
"2023-11-20 05:00:00";2011.8533375977;2132.4812170955;1933.1630233569;2063.2862406283;73279190558.81
"2023-11-27 05:00:00";2062.3908459465;2213.1757760262;1988.1204204556;2193.691554531;65813866172.71
"2023-12-04 05:00:00";2193.6634300588;2401.7604258408;2191.1762254671;2352.4627556082;89616323732.7
"2023-12-11 05:00:00";2352.4966779452;2354.9140095655;2150.7542852783;2196.4811590731;79101655424.43
"2023-12-18 05:00:00";2195.3417231001;2341.9474073193;2120.1274691857;2265.6921427011;79838355952.08
"2023-12-25 05:00:00";2265.3405804105;2445.0175392706;2180.2254633897;2281.4713016936;74823672274.03
"2024-01-01 05:00:00";2282.8703382432;2431.2123754129;2113.9253493259;2222.8658884902;73516556683.04
"2024-01-08 05:00:00";2222.857691307;2710.4219412247;2171.9936825863;2472.241275463;125618508716.34
"2024-01-15 05:00:00";2471.6668709652;2613.56691877;2414.7109038558;2453.9130976476;64386569186.46
"2024-01-22 05:00:00";2454.9874059847;2463.4472381708;2167.2825115671;2257.2088341312;71958589076.85
"2024-01-29 05:00:00";2256.9952487754;2388.8705558953;2237.71155131;2289.5461210156;56097099150.45
"2024-02-05 05:00:00";2289.2054477896;2537.6791333559;2270.0679490957;2507.5705705477;63856317021.92
"2024-02-12 05:00:00";2507.5789107654;2892.8435818157;2473.8119528604;2878.9981551892;134822714726.83
"2024-02-19 05:00:00";2881.2969827349;3117.4290251364;2860.2636681831;3112.6973529916;110605610536.06
"2024-02-26 05:00:00";3112.5290211809;3518.9691433387;3037.9545468347;3490.9936365072;142497612148.68
"2024-03-04 05:00:00";3489.340085297;3998.8262970391;3224.1194435907;3881.1931892574;185721718352.7
"2024-03-11 05:00:00";3881.2377350386;4092.2841423537;3414.1723814514;3642.4130062163;176829887412.79
"2024-03-18 05:00:00";3642.2988844518;3642.4969855227;3059.6548999221;3454.6364675678;160121912002.64
"2024-03-25 05:00:00";3454.8856636929;3678.7898114046;3421.7904966077;3647.8563802749;104883881409.65
"2024-04-01 05:00:00";3647.819701525;3648.1292263639;3205.6491168976;3453.4945694385;102668185351.4
"2024-04-08 05:00:00";3453.4987171847;3727.6165574482;2862.3936644865;3156.9419671803;145805696901.14
"2024-04-15 05:00:00";3156.8301726537;3277.5616257879;2868.7958260107;3147.2884742744;113975893651.85
"2024-04-22 05:00:00";3147.6635901864;3351.1765359736;3071.3399882045;3262.7747417145;84929878522.97
"2024-04-29 05:00:00";3262.3408974317;3285.4686346124;2815.9232415551;3137.2489184783;96396963322.4
"2024-05-06 05:00:00";3137.5101427056;3220.152341996;2881.0006336126;2928.7020128967;72388895378.59
"2024-05-13 05:00:00";2928.8140505568;3146.7905877177;2863.5458419329;3071.8429493039;86103439284.92
"2024-05-20 05:00:00";3071.858800454;3943.5538773174;3050.2978204766;3825.8975522959;186559347676.53
"2024-05-27 05:00:00";3826.127215448;3973.5564375729;3702.2635549334;3780.8958883416;106351120910.6
"2024-06-03 05:00:00";3780.854358203;3887.4859360656;3615.2803367293;3705.903804425;91727708657.12
"2024-06-10 05:00:00";3705.8772936141;3711.4286970156;3366.2238154223;3620.5634464932;99583224999.21
"2024-06-17 05:00:00";3622.3835665223;3634.2853282448;3371.5903388381;3418.6118772591;103027067435.47
"2024-06-24 05:00:00";3418.7831418412;3482.9575886476;3244.241470421;3432.8890895755;100542704881.63
"2024-07-01 05:00:00";3432.6074808213;3513.3108199999;2826.0144079072;2929.3872316715;111653332271.6
"2024-07-08 05:00:00";2929.8616406366;3266.4876563321;2826.4817185351;3244.0790922444;99540552163.18
"2024-07-15 05:00:00";3246.1316976876;3546.6192375618;3235.776147546;3536.6054396998;112438642512.73
"2024-07-22 05:00:00";3536.6271724925;3560.0755054452;3088.7644900984;3271.4646364709;124677659196.01
"2024-07-29 05:00:00";3271.4534640628;3396.6257551377;2639.5667259006;2686.3988610452;129117580556.27
"2024-08-05 05:00:00";2686.0274982721;2721.9544984356;2122.546236037;2553.252240415;200213377467.9
"2024-08-12 05:00:00";2553.4966053215;2775.2809657522;2513.3941625541;2613.3571785326;99366708701.55
"2024-08-19 05:00:00";2612.7185097561;2820.0205615881;2538.6577920946;2749.1576670875;86706271252.05
"2024-08-26 05:00:00";2749.2475733083;2763.0041773069;2401.1750014042;2427.9022806575;98590549110.23
"2024-09-02 05:00:00";2427.9733430705;2563.085947551;2150.8632293618;2297.2928618416;113062448701.91
"2024-09-09 05:00:00";2297.8962878887;2462.8029995518;2274.1155213156;2320.8972417266;103641930958.5
"2024-09-16 05:00:00";2320.8944391009;2632.0393358744;2253.7149932498;2582.8624763883;111863297548.57
"2024-09-23 05:00:00";2582.7748253658;2728.0677337785;2541.9102931292;2659.3468478149;106429244038.49
"2024-09-30 05:00:00";2659.292706743;2662.4890256281;2311.02794283;2439.9578014551;112999446307.02
"2024-10-07 05:00:00";2439.9447200133;2520.4062916278;2329.7847354486;2467.6769628969;103186113066.69
"2024-10-14 05:00:00";2467.6474313979;2756.4367713382;2443.5529174965;2746.3639932057;115762446982.45
"2024-10-21 05:00:00";2746.3057102064;2765.5496235458;2381.4507148571;2505.9406635993;112834908418.06
"2024-10-28 05:00:00";2505.590509344;2720.2714362284;2411.3983237824;2456.4251725634;147795303623.72
"2024-11-04 05:00:00";2456.0951882475;3249.913956614;2359.5780299046;3191.3313560604;221176275358.52
"2024-11-11 05:00:00";3191.6569470349;3444.1539951509;3016.1441490148;3075.6615116228;287557599498.87
"2024-11-18 05:00:00";3075.7228270916;3499.3708467621;3032.6033243842;3363.6598928297;301805177272.23
"2024-11-25 05:00:00";3364.6014561404;3747.4552142022;3255.5430118377;3711.165095551;285868799340.31
"2024-12-02 05:00:00";3710.4953435232;4093.1720244462;3504.2263793216;4005.7045763055;297864523967.03
"2024-12-09 05:00:00";4006.1016852571;4008.7778541551;3520.365192653;3951.9411400849;326078589583.39
"2024-12-16 05:00:00";3951.6527447567;4106.9556004971;3098.2036178716;3277.535187571;420350789353.16
"2024-12-23 05:00:00";3277.5141746011;3542.833751548;3217.3686777831;3349.513340318;171565270078.51
"2024-12-30 05:00:00";3349.5859346876;3673.813081444;3298.8045578913;3634.1036630331;157277812857.8
"2025-01-06 05:00:00";3634.1137836192;3743.941767051;3159.3840691968;3265.9511514899;209749546885.37
"2025-01-13 05:00:00";3266.0953628314;3525.5433592391;2920.5927049425;3208.9643743573;261209995023.82
"2025-01-20 05:00:00";3208.9338275588;3444.2827459666;3147.5229798998;3236.1341830842;193572100052.56
"2025-01-27 05:00:00";3235.8552197218;3437.5689837467;2755.4747161084;2868.6928684244;215641643995.46
"2025-02-03 05:00:00";2868.0786325622;2919.4772778708;2159.2805472236;2628.7211134175;266813254145.79
"2025-02-10 05:00:00";2628.6502482734;2794.8673942088;2551.1746066302;2663.3158479393;145514270671
"2025-02-17 05:00:00";2663.2294764262;2850.6104583106;2606.9003104344;2821.3102005204;146702695516.22
"2025-02-24 05:00:00";2820.4563582902;2839.0100874571;2076.1698644908;2519.6944727218;265180900711.76
"2025-03-03 05:00:00";2519.530960837;2522.3166107566;1991.1934490119;2015.5091088434;155086764789.08
"2025-03-10 05:00:00";2015.4304177963;2150.7062873051;1760.9417913836;1887.4350177086;165550134192.16
"2025-03-17 05:00:00";1887.4491655955;2068.7643992791;1872.5088616552;2005.2992309006;77238310579.65
"2025-03-24 05:00:00";2005.7183843996;2101.9834344001;1769.4127525521;1806.2186461858;90762524893.34
"2025-03-31 05:00:00";1806.3165007464;1951.1803047187;1539.4380136682;1576.7280882451;116401846703.13
"2025-04-07 05:00:00";1576.9497867014;1687.1880398805;1386.7993127909;1596.6857525708;168913796745.79
"2025-04-14 05:00:00";1596.8818489288;1689.8575457287;1540.0337718236;1587.5142283326;78279990807.71
"2025-04-21 05:00:00";1587.460958383;1856.443870277;1542.0003234914;1792.8650336325;117971473940.81
"2025-04-28 05:00:00";1792.4462035133;1872.9395217592;1736.1429703484;1808.5942798561;93283376644.48
"2025-05-05 05:00:00";1808.7048999912;2603.2644633239;1753.3154325012;2510.237906047;213442161899.7
"2025-05-12 05:00:00";2510.2893351913;2736.890090638;2344.6682464337;2498.2335542663;184025744838.99
"2025-05-19 05:00:00";2498.8001678573;2731.2208080077;2353.4268867807;2551.7638148435;165828369964.75
"2025-05-26 05:00:00";2551.3807643825;2784.7524673916;2472.5407947259;2536.2663088146;139735756612.8
"2025-06-02 05:00:00";2536.1849280076;2677.9705464726;2387.6087517435;2510.7870002709;123019944765.99
"2025-06-09 05:00:00";2510.8380950887;2877.6292904417;2443.9627146036;2546.8371588019;179024936720.26
"2025-06-16 05:00:00";2547.226895762;2680.0875951757;2116.6814805604;2228.213144898;148261901139.93
"2025-06-23 05:00:00";2228.4847041767;2523.3206528394;2191.4182489731;2500.9600353849;117328509208.57
"2025-06-30 05:00:00";2500.6053913406;2635.1921204299;2378.3935265069;2571.2364783961;115253809529.52
"2025-07-07 05:00:00";2571.3952554574;3038.141150031;2517.9035734122;2973.3589886215;167041918509.81
"2025-07-14 05:00:00";2973.2251481336;3819.3987823385;2934.3712335532;3759.4714417888;299497784543.08
"2025-07-21 05:00:00";3758.92057684;3876.9335207483;3514.9993364041;3875.246471143;265318773121.49
"2025-07-28 05:00:00";3875.2557898802;3940.6520493334;3357.9389396324;3497.3791070805;234394323169.94
"2025-08-04 05:00:00";3497.6129223344;4332.2102055308;3491.5549940154;4254.2175966744;256150674787.55
"2025-08-11 05:00:00";4254.2313482658;4788.5518029889;4168.8749008553;4473.2715559761;359069439061.08
"2025-08-18 05:00:00";4473.3304672639;4953.7329137686;4064.9650478482;4779.6473316152;352029162054.78
"2025-08-25 05:00:00";4779.7694672139;4796.3501262192;4264.1954316483;4390.0191302417;296787236875.22
"2025-09-01 05:00:00";4389.6260794621;4490.3466308368;4221.2474557725;4305.3476683497;227294877549.49
"2025-09-08 05:00:00";4305.3811442077;4763.361237239;4277.8528504265;4609.5976124304;245538801317.2
"2025-09-15 05:00:00";4609.7230116142;4670.530051249;4428.330126307;4451.3289723137;218343142126.98
"2025-09-22 05:00:00";4451.5806532172;4457.0825687805;3829.0108259988;4141.4765020661;286070262417.21
"2025-09-29 05:00:00";4141.356419171;4616.5334391076;4087.9273416449;4515.4229801185;286791841361.57
"2025-10-06 05:00:00";4515.3006029651;4755.2200882427;3460.2224970126;4164.427884754;409659856240.76
"2025-10-13 05:00:00";4164.0493048238;4292.8458420402;3678.6204740695;3984.6496513793;331048814444.93
"2025-10-20 05:00:00";3984.6961665153;4177.3107328209;3718.0770284272;4157.989373406;251176585347.51
"2025-10-27 05:00:00";4158.0108879878;4250.6698941391;3681.909350922;3911.0633261075;230963295394.45
"2025-11-03 05:00:00";3911.7478409827;3912.6334014048;3063.0870151097;3582.6213849019;308652128404.31
"2025-11-10 05:00:00";3583.4447127699;3656.1489531268;3007.0728667143;3092.8475236004;258479744077.84
"2025-11-17 05:00:00";3092.941704491;3218.1304750244;2626.8716098842;2801.6759948199;274358136544.35
"2025-11-24 05:00:00";2801.2042966958;3095.0331638789;2763.3778607343;2992.1124569761;139199505338.05
"2025-12-01 05:00:00";2991.9230807274;3238.5554486816;2720.4365298075;3061.3018144057;180004119936.2
"2025-12-08 05:00:00";3061.0137379507;3446.6226889522;3034.6925576554;3060.5947175714;166962766663.75
"2025-12-15 05:00:00";3060.4815624304;3175.1181665896;2777.1196590922;3001.6137408732;153490376467.67
"2025-12-22 05:00:00";3001.6126759212;3073.3538183026;2888.9880321091;2948.5680372551;102777469673.81
"2025-12-29 05:00:00";2948.5591579389;3160.5510990912;2908.7480274732;3140.7103790175;122089051903.86
"2026-01-05 05:00:00";3141.486437168;3303.5634823816;3052.5097043851;3118.8851971485;136829598122.94
"2026-01-12 05:00:00";3118.8287858444;3397.8976452985;3068.0727579063;3281.1576047996;157412363171.42
"2026-01-19 05:00:00";3282.1991486217;3282.6547560618;2785.8966719692;2815.902273554;171763340618.06
"2026-01-26 05:00:00";2815.7686817428;3040.7185368268;2224.1178272737;2267.9649205864;246689242555.25
"2026-02-02 05:00:00";2267.5624477867;2393.0634468255;1748.6277413391;2088.7628307079;376881642130.91
"2026-02-09 05:00:00";2087.9212734395;2144.9761278801;1897.334869719;1966.0429302293;162415889567.52
"2026-02-16 05:00:00";1965.9231868528;2037.1585280874;1906.8220338314;1957.8058605249;120449619761.07
"2026-02-23 05:00:00";1958.1396264687;2145.5062083235;1804.1136823123;1939.0666021861;159713027644.01
"2026-03-02 05:00:00";1939.0586979456;2198.6566252909;1915.3010144329;1936.6047430635;152614735240.54
"2026-03-09 05:00:00";1936.6373946183;2206.8131444802;1930.5991095646;2177.4763950111;141977358952.03
"2026-03-16 05:00:00";2177.7830266059;2384.4664449651;2027.0478519179;2053.0483534949;158448365564.42
"2026-03-23 05:00:00";2052.9530398839;2198.3699358812;1939.5286983548;1982.5596386773;120159526768.51
"2026-03-30 05:00:00";1982.5506472141;2165.6661819897;1979.0768727143;2108.9955004806;103974785222.68
"2026-04-06 05:00:00";2108.9357829176;2327.4576930297;2061.4674338558;2192.2011637269;125434557578.51
"2026-04-13 05:00:00";2192.3316636809;2464.7834647365;2176.324718617;2264.9170352896;144452904871.51
"2026-04-20 05:00:00";2264.8735690526;2422.8603754312;2262.0530587104;2369.728987655;108106959568.33
"2026-04-27 05:00:00";2369.8419046359;2403.7264490342;2221.2238941974;2321.6357023947;94845336159.85
"2026-05-04 05:00:00";2321.8163752056;2423.0402003931;2265.8333616031;2369.0438714636;141210582797.77
"2026-05-11 05:00:00";2369.1933741702;2374.303444246;2097.021079869;2127.6453342231;104169952337.76
"2026-05-18 05:00:00";2127.6814592159;2155.9641001543;2010.5504109407;2097.9939653036;98825477591.35
"2026-05-25 05:00:00";2097.9939282931;2138.4113381691;1966.2793999595;2004.3415103683;90408765822.84
"2026-06-01 05:00:00";2004.2425031692;2017.6077939124;1506.5057681648;1686.3961982577;169383218262.02
"2026-06-08 05:00:00";1689.6434004967;1713.4579958541;1644.8595234109;1686.6199517537086;NaN