time;open;high;low;close
"2020-03-30 05:00:00";5925.53848884;7088.24732438;5903.23434726;6791.12944093
"2020-04-06 05:00:00";6788.04980287;7427.93933989;6782.88974461;6971.09159108
"2020-04-13 05:00:00";6965.61663772;7280.52178187;6555.50427487;7189.42482356
"2020-04-20 05:00:00";7186.8737411;7700.59429483;6834.44232463;7679.86720422
"2020-04-27 05:00:00";7679.41895085;9440.65067326;7679.41895085;8897.46850985
"2020-05-04 05:00:00";8895.74487399;9996.74335304;8395.10745112;8756.43114193
"2020-05-11 05:00:00";8755.5356389;9823.0022878;8374.32297508;9670.73937122
"2020-05-18 05:00:00";9675.69498013;9906.03020325;8787.251002;8790.36800074
"2020-05-25 05:00:00";8786.10769511;9704.03030928;8719.66836224;9461.05891806
"2020-06-01 05:00:00";9463.6056622;10199.5649719;9450.89911148;9758.8524174
"2020-06-08 05:00:00";9760.0632524;9938.29767389;9263.06958826;9386.78789214
"2020-06-15 05:00:00";9386.03529073;9579.43037458;8990.1759467;9303.62971409
"2020-06-22 05:00:00";9300.91545819;9680.36714624;8975.52585473;9143.58219104
"2020-06-29 05:00:00";9140.02907078;9309.75486362;8977.01563525;9073.94286936
"2020-07-06 05:00:00";9072.85007426;9450.33567174;9058.6644583;9276.49985018
"2020-07-13 05:00:00";9277.2046601;9306.40492983;9088.94740241;9185.81691242
"2020-07-20 05:00:00";9187.22037014;10023.807661;9137.50962153;9905.16724705
"2020-07-27 05:00:00";9905.21791377;12034.1441504;9903.97011125;11053.613901
"2020-08-03 05:00:00";11043.7688847;11902.3359717;11012.4147398;11675.7393433
"2020-08-10 05:00:00";11382.78588591;11947.0089222;11318.02142013;11898.2756619
"2020-08-17 05:00:00";11898.20571733;12345.22808761;11464.27133393;11677.92579602
"2020-08-24 05:00:00";11675.7267169;13149.69444935;104.61895563;11458.31013941
"2020-08-31 05:00:00";11480.16090511;12059.87014159;9942.52986667;10272.44418079
"2020-09-07 05:00:00";10272.75835636;10554.37038471;9901.90575533;10335.15935596
"2020-09-14 05:00:00";10344.13900609;11145.91748214;10284.28270867;10933.64151956
"2020-09-21 05:00:00";10936.01947486;10991.11012337;10197.86492469;10775.26937624
"2020-09-28 05:00:00";10776.6136391;10945.34790707;10416.68920469;10669.58254327
"2020-10-05 05:00:00";10676.52895637;11442.2111099;10528.890831;11384.1819535
"2020-10-12 05:00:00";11392.63621516;11698.4677363;11223.01278163;11483.35971184
"2020-10-19 05:00:00";11495.03793859;13329.18403245;11408.29011785;13031.17431056
"2020-10-26 05:00:00";13031.20124688;14028.21429317;12822.38232695;13737.10982864
"2020-11-02 05:00:00";13737.03221087;15903.43797604;13243.159866;15479.56703842
"2020-11-09 05:00:00";15479.59572319;16463.17783998;14865.52927664;15955.58743887
"2020-11-16 05:00:00";15955.57698439;18936.62068806;15880.7056812;18370.00252365
"2020-11-23 05:00:00";18370.01733874;19390.96555566;16351.03485441;18177.48341979
"2020-11-30 05:00:00";18178.32211783;19845.97548328;18178.32211783;19345.12095871
"2020-12-07 05:00:00";19343.12879819;19411.82767631;17619.53238938;19142.3825335
"2020-12-14 05:00:00";19144.49245994;24209.65988828;19012.70940762;23477.29519711
"2020-12-21 05:00:00";23474.45540815;28288.84002225;22159.36806298;26272.29456706
"2020-12-28 05:00:00";26280.82141511;34608.55673797;25987.29807483;32782.02446581
"2021-01-04 05:00:00";32810.94764381;41946.73935079;28722.75527058;38356.43950662
"2021-01-11 05:00:00";38346.52950301;39966.40524241;30549.59876946;35791.27792129
"2021-01-18 05:00:00";35792.23666766;37755.89185872;28953.372751;32289.37808687
"2021-01-25 05:00:00";32285.79891345;38406.26096472;29367.13921776;33114.35774753
"2021-02-01 05:00:00";33114.57724298;40846.54690329;32384.22810648;38903.44147971
"2021-02-08 05:00:00";38886.82728995;49487.64087275;38076.32280719;48717.2902111
"2021-02-15 05:00:00";48696.53665993;58330.57214185;46347.47709171;57539.9436679
"2021-02-22 05:00:00";57532.73886407;57533.38932549;43241.61822653;45137.77046805
"2021-03-01 05:00:00";45159.50305253;52535.1357839;45115.09311478;51206.69295308
"2021-03-08 05:00:00";51174.1169466;61683.86401412;49506.05345768;59302.31697742
"2021-03-15 05:00:00";59267.4290492;60540.99271158;53555.02773503;57523.42098673
"2021-03-22 05:00:00";57517.89148833;58471.47864713;50856.5686854;55950.7457745
"2021-03-29 05:00:00";55947.8989665;60267.18765009;55139.34175909;58758.55629127
"2021-04-05 05:00:00";58760.87326121;61276.66536564;55604.02359245;60204.96491379
"2021-04-12 05:00:00";60175.94475711;64863.0989077;52829.53592647;56216.18500243
"2021-04-19 05:00:00";56191.5841095;57520.05477733;47159.48584083;49004.25326318
"2021-04-26 05:00:00";49077.79236302;58448.33881062;48852.79684295;56631.07741255
"2021-05-03 05:00:00";56620.27262011;59464.61249257;52969.05536281;58232.3161419
"2021-05-10 05:00:00";58250.87253094;59519.35442559;43963.35018635;46456.05847448
"2021-05-17 05:00:00";46415.89925412;46623.55822816;30681.49691178;34770.58362292
"2021-05-24 05:00:00";34700.363568;40782.07818311;33520.73795924;35678.12920411
"2021-05-31 05:00:00";35658.59295707;39478.95118167;34241.94356094;35862.37772747
"2021-06-07 05:00:00";35835.26550975;39322.78021188;31114.44247046;39097.86089667
"2021-06-14 05:00:00";39016.9701778;41295.26857449;33432.07604413;35698.29644336
"2021-06-21 05:00:00";35641.14606474;35721.63963385;28893.62165844;34649.64458753
"2021-06-28 05:00:00";34679.12222205;36542.11101765;32770.68078046;35287.77976616
"2021-07-05 05:00:00";35284.34443007;35284.34443007;32133.18272686;34240.18701074
"2021-07-12 05:00:00";34254.01659458;34592.15560419;31100.67337243;31796.81013825
"2021-07-19 05:00:00";31800.01263521;35364.92558378;29360.95583827;35350.18697353
"2021-07-26 05:00:00";35384.02988451;42541.67948122;35287.3117098;39974.89602594
"2021-08-02 05:00:00";39907.2628498;45282.35328436;37458.00399335;43798.11767796
"2021-08-09 05:00:00";43791.92742356;48098.68409454;42848.68794765;47047.00454195
"2021-08-16 05:00:00";47019.96132369;49717.0189234;43998.31551257;49321.65404941
"2021-08-23 05:00:00";49291.67737487;50482.07640834;46394.28309076;48829.8326
"2021-08-30 05:00:00";48834.85267752;51868.68163043;46562.43744881;51753.41192621
"2021-09-06 05:00:00";51769.00432067;52853.7637963;43285.20858869;46063.27035709
"2021-09-13 05:00:00";46057.21532739;48791.7793722232;43591.3207849088;47260.2173314677
"2021-09-20 05:00:00";47261.4064989217;47328.1988417819;39787.6097979604;43208.5391045354
"2021-09-27 05:00:00";43234.1849294127;49130.6922101816;40829.6692762765;48199.9515572655
"2021-10-04 05:00:00";48208.9076325084;56401.3042407744;47045.0037471323;54771.5791838546
"2021-10-11 05:00:00";54734.124840616;62757.1297029724;54370.9732279075;61553.6173846995
"2021-10-18 05:00:00";61548.8034342065;66930.3872709899;59643.3453781125;60930.8364421796
"2021-10-25 05:00:00";60893.927575725;63729.325708052;58206.9178554768;61318.957766606
"2021-11-01 05:00:00";61320.4494915952;64242.7948907842;59695.1830931488;63326.9890280992
"2021-11-08 05:00:00";63344.0672220101;68789.6259389221;62333.913107848;65466.8410240344
"2021-11-15 05:00:00";65521.2893420962;66281.5697112403;55705.1806847159;58730.4766386507
"2021-11-22 05:00:00";58706.8493839442;59367.9679943132;53569.7639630968;57248.458375824
"2021-11-29 05:00:00";57291.904734501;59113.4009013998;42874.6168583905;49368.8470992255
"2021-12-06 05:00:00";49413.4790992129;51934.7818955124;46942.3478207253;50098.3351363893
"2021-12-13 05:00:00";50114.7409911263;50204.9982632709;45598.4426124471;46707.0148769996
"2021-12-20 05:00:00";46707.0644512279;51814.0285054983;45579.8101425366;50809.5150128895
"2021-12-27 05:00:00";50802.6089327853;51956.3263547044;45819.9545532818;47345.220564253
"2022-01-03 05:00:00";47343.543765149;47510.7261749285;40672.2754483568;41911.6015363357
"2022-01-10 05:00:00";41910.2308272178;44278.4232566127;39796.571708349;43113.8801137778
"2022-01-17 05:00:00";43118.1201015099;43413.0239423642;34349.2491949516;36276.8046943699
"2022-01-24 05:00:00";36275.7329481249;38825.4086928912;33184.0595656615;37917.60273361
"2022-01-31 05:00:00";37920.2809909723;42500.7869325403;36375.5373396971;42412.4342359174
"2022-02-07 05:00:00";42406.7813264058;45661.1731433747;41748.1553115415;42197.5153405276
"2022-02-14 05:00:00";42157.3991531626;44667.2169798202;38112.813944195;38431.3781154647
"2022-02-21 05:00:00";38423.2098719156;40005.3487264337;34459.2177282867;37709.7837534329
"2022-02-28 05:00:00";37706.0012666457;45077.5769494305;37518.2146036468;38419.9833773926
"2022-03-07 05:00:00";38429.3027830169;42465.6729111805;37260.2017138385;37849.6627995273
"2022-03-14 05:00:00";37846.3164396237;42316.5544604012;37680.7344675775;41247.8234468342
"2022-03-21 05:00:00";41246.1328484777;46827.5461945489;40668.0416965467;46820.4934636771
"2022-03-28 05:00:00";46821.8502469343;48086.8367491568;44403.1410093413;46453.5670763172
"2022-04-04 05:00:00";46445.2716196297;47106.1397405311;42021.2068019349;42207.670963734
"2022-04-11 05:00:00";42201.0382303314;42424.5910371138;39373.0583284502;39716.9542258357
"2022-04-18 05:00:00";39721.2029153003;42893.5802043813;38696.1915182274;39469.293555834
"2022-04-25 05:00:00";39472.607372297;40713.8895679717;37585.7873728754;38469.0939025425
"2022-05-02 05:00:00";38472.1871454262;39902.9502136511;33878.9645692059;34059.2642505879
"2022-05-09 05:00:00";34060.0154816197;34222.0733234167;26350.4901742248;31305.1125686764
"2022-05-16 05:00:00";31304.374144248;31305.3425986839;28708.9550418266;30323.7218952694
"2022-05-23 05:00:00";30309.3964800086;30590.5864837253;28261.9057088448;29445.9576239208
"2022-05-30 05:00:00";29443.3657109831;32249.8639341789;29303.571633074;29906.6617477915
"2022-06-06 05:00:00";29910.2837235964;31693.2901114808;26762.6490379039;26762.6490379039
"2022-06-13 05:00:00";26737.5776601486;26795.5898175946;17708.6237125896;20553.2718217472
"2022-06-20 05:00:00";20553.3702544391;21783.7247658329;19689.1695110104;21027.2953088067
"2022-06-27 05:00:00";21028.2382267284;21478.0893638064;18729.6562279337;19297.0760827928
"2022-07-04 05:00:00";19297.3141855828;22314.9405374086;19063.0661953686;20860.4493930623
"2022-07-11 05:00:00";20856.352967685;21600.6401193599;18999.953131779;20779.3445398509
"2022-07-18 05:00:00";20781.9115039967;24196.8192139777;20781.9115039967;22609.164770669
"2022-07-25 05:00:00";22607.1555467717;24572.5794217469;20776.8160824806;23336.8956049843
"2022-08-01 05:00:00";23336.7180518604;23578.650444504;22485.7006555715;23175.8908490806
"2022-08-08 05:00:00";23179.5270499854;24974.9142088493;22771.520469829;24319.3339226
"2022-08-15 05:00:00";24318.3154830385;25135.5903960686;20856.7313355791;21534.1212308142
"2022-08-22 05:00:00";21531.4638488066;21804.9080080991;19616.8149844439;19616.8149844439
"2022-08-29 05:00:00";19615.1533628598;20542.644969648;19600.7850348256;19986.71383922
"2022-09-05 05:00:00";19988.7898184332;21770.5531906344;18644.4672270585;21769.2563395567
"2022-09-12 05:00:00";21770.1481330587;22673.8197662856;19387.4913478311;19419.506190767
"2022-09-19 05:00:00";19418.5714215096;19674.6303314785;18290.315188225;18802.0979756765
"2022-09-26 05:00:00";18803.9006328979;20338.4554611365;18553.2973576077;19044.1072723711
"2022-10-03 05:00:00";19044.0678498115;20408.3918398816;19025.2262854468;19446.4261941327
"2022-10-10 05:00:00";19446.4162251338;19889.1462709754;18319.8226296141;19268.0928008619
"2022-10-17 05:00:00";19268.5621023075;19666.9950059677;18770.9700605115;19567.0073980529
"2022-10-24 05:00:00";19567.7695803849;20988.3944704236;19206.3243067081;20635.6037476843
"2022-10-31 05:00:00";20633.6960710953;21446.8860966908;20086.2409033906;20926.4859738215
"2022-11-07 05:00:00";20924.6204840491;21053.2461495293;15682.6928427807;16353.3657171761
"2022-11-14 05:00:00";16352.0285634204;17109.323354055;15872.9416126748;16291.8324676929
"2022-11-21 05:00:00";16291.223799579;16771.4752431789;15599.0471753829;16444.6268345485
"2022-11-28 05:00:00";16440.2220878988;17197.4972534447;16054.5302153408;17130.4859472168
"2022-12-05 05:00:00";17128.8940804496;17378.1533102833;16750.5581344286;17104.1928057162
"2022-12-12 05:00:00";17102.5006494509;18318.530584361;16584.7013982805;16757.9774032466
"2022-12-19 05:00:00";16759.0409268239;17012.9847052964;16398.1362516753;16841.9870522838
"2022-12-26 05:00:00";16842.2493105753;16959.8464760475;16408.4751768261;16625.0805507091
"2023-01-02 05:00:00";16625.5103941178;17091.1444513033;16572.2288497449;17091.1444513033
"2023-01-09 05:00:00";17093.9924981225;21075.1418299576;17093.9924981225;20880.7992021821
"2023-01-16 05:00:00";20882.2238766183;23282.3477215567;20541.544548774;22720.4156286391
"2023-01-23 05:00:00";22721.0886719506;23919.8897614092;22406.0755024251;23774.5659233116
"2023-01-30 05:00:00";23774.6489666425;24167.210232202;22657.5821676256;22955.6660162974
"2023-02-06 05:00:00";22954.0219641729;23367.9592874059;21539.3928305144;21788.2039862606
"2023-02-13 05:00:00";21786.9992632743;25134.1173501961;21460.0885038644;24327.6416722827
"2023-02-20 05:00:00";24336.6233404821;25126.851685722;22861.5586648141;23561.2129109163
"2023-02-27 05:00:00";23561.4506815245;23880.6324628676;22198.9810093926;22435.5141969735
"2023-03-06 05:00:00";22436.8167758974;22584.2938087023;19628.2543094205;22163.949951915
"2023-03-13 05:00:00";22156.4066753221;28440.5612172583;21918.19993089;28038.6749467651
"2023-03-20 05:00:00";28041.6019174942;28803.3359206694;26759.9962331222;27994.3295142227
"2023-03-27 05:00:00";27994.0679232525;29159.9026178662;26606.6890011395;28199.3083837745
"2023-04-03 05:00:00";28183.0803582438;28739.2381106536;27276.7199488097;28333.0500476249
"2023-04-10 05:00:00";28336.0282374011;31005.6080444729;28189.2707713694;30315.3554561203
"2023-04-17 05:00:00";30317.1456974152;30470.3020147381;27169.5711204099;27591.3846319068
"2023-04-24 05:00:00";27591.7295218905;29995.8384911174;27070.8494995525;29268.8070431626
"2023-05-01 05:00:00";29227.1039819099;29820.1266220765;27680.7926396911;28454.9782855135
"2023-05-08 05:00:00";28450.4574779637;28663.2723318452;25878.428829536;26930.6378455643
"2023-05-15 05:00:00";26931.3846319054;27646.3481186699;26415.1014830457;26753.8256390547
"2023-05-22 05:00:00";26749.8932054031;28193.448532831;25890.5944753459;28085.6473607492
"2023-05-29 05:00:00";28075.5921411669;28432.0387169709;26574.6444212308;27119.0671931263
"2023-06-05 05:00:00";27123.1099638092;27332.1809565185;25434.8671315473;25940.1680803434
"2023-06-12 05:00:00";25934.2855973595;26769.3945019205;24797.1678486154;26336.213003281
"2023-06-19 05:00:00";26335.4423696201;31389.5381281357;26312.8318076296;30480.2616057375
"2023-06-26 05:00:00";30480.523973069;31256.8626995544;29600.2759394191;30620.7702634481
"2023-07-03 05:00:00";30624.5163112716;31460.053612688;29777.2844100844;30171.2335717583
"2023-07-10 05:00:00";30172.4229553721;31814.5148120678;29966.3871365008;30249.1328102967
"2023-07-17 05:00:00";30249.626617143;30336.4001335;29556.428372971;30084.5392407563
"2023-07-24 05:00:00";30081.6616445789;30093.3942473004;28934.2941602457;29275.307946897
"2023-07-31 05:00:00";29278.3140543721;29987.9971121967;28657.0238197426;29041.8561709403
"2023-08-07 05:00:00";29038.5128459431;30176.7962374838;28724.1405310678;29282.9143793982
"2023-08-14 05:00:00";29283.262942771;29660.2543392724;25409.1116027686;26189.5846686604
"2023-08-21 05:00:00";26188.6906508187;26786.8976054909;25520.728490709;26089.6934716635
"2023-08-28 05:00:00";26089.6149228858;28089.3380271543;25362.6091281569;25969.5673526316
"2023-09-04 05:00:00";25968.1701334655;26414.005974773;25404.3596799132;25832.2262469114
"2023-09-11 05:00:00";25831.7155007322;26840.4979252215;24930.2974941684;26534.18751685
"2023-09-18 05:00:00";26532.9947937991;27488.7638021952;26221.050004588;26256.8257867445
"2023-09-25 05:00:00";26253.7752994376;28047.2377100269;26011.4696157754;27983.7503817847
"2023-10-02 05:00:00";27976.7991520291;28494.4596384314;27215.5524462077;27935.0895806612
"2023-10-09 05:00:00";27934.4721623395;27989.4709019697;26558.320783999;27159.6529187802
"2023-10-16 05:00:00";27162.6282288816;30287.4816486504;27130.4734781668;29993.896524372
"2023-10-23 05:00:00";30140.6848629718;35150.4334987547;30097.8287422783;34538.4820881103
"2023-10-30 05:00:00";34531.7413739892;35919.8436017766;34083.3094592027;35049.3559240236
"2023-11-06 05:00:00";35044.7899191289;37926.2567969959;34545.8150953191;37054.5201429095
"2023-11-13 05:00:00";37070.3058713039;37964.8928323147;34948.5002761446;37386.547774872
"2023-11-20 05:00:00";37374.0746847021;38415.3381982376;35670.9718775193;37479.1222936619
"2023-11-27 05:00:00";37454.1919552581;40135.6048969089;36750.127104535;39978.3918165449
"2023-12-04 05:00:00";39978.6286477951;44705.5150094178;39978.6286477951;43779.6972879957
"2023-12-11 05:00:00";43792.0178583651;43808.3730556685;40234.5783345331;41364.665918237
"2023-12-18 05:00:00";41348.2020891569;44367.9557717841;40530.2585192877;43016.1176211831
"2023-12-25 05:00:00";43010.5729205333;43804.7814175761;41424.0606411494;42265.185654866
"2024-01-01 05:00:00";42280.2352761923;45899.7063545898;40813.5348681668;43943.0972289695
"2024-01-08 05:00:00";43948.7069553091;48969.3713995297;41724.6137245906;41796.2696064245
"2024-01-15 05:00:00";41715.0665274581;43566.2749235186;40297.4578577579;41545.7835143902
"2024-01-22 05:00:00";41553.6526912489;42797.1773592875;38521.8938882205;42035.5943721701
"2024-01-29 05:00:00";42030.9153796232;43838.9468441061;41818.3310863757;42583.5829201294
"2024-02-05 05:00:00";42577.6229811484;48535.9359097846;42264.8172969015;48293.916750573
"2024-02-12 05:00:00";48296.3851963696;52820.0669345775;47745.760261073;52122.5454555893
"2024-02-19 05:00:00";52134.8122142975;52945.0525658512;50561.7758617907;51733.2366017007
"2024-02-26 05:00:00";51730.5397930603;63913.1318135774;50931.0316078668;63167.3703575333
"2024-03-04 05:00:00";63137.0046815427;70083.0516244158;59323.9089421326;69019.7863638058
"2024-03-11 05:00:00";69020.5497746578;73750.07385038;64545.3181028634;68390.6228032209
"2024-03-18 05:00:00";68371.3072649579;68897.1344141915;60807.785959948;67234.1723529876
"2024-03-25 05:00:00";67234.0975756782;71727.6837626186;66414.8322302473;71333.6479258644
"2024-04-01 05:00:00";71333.4847168797;71342.0914544441;64559.8999476563;69362.5512776015
"2024-04-08 05:00:00";69362.5540045166;72715.3596085505;60919.10616167;65738.723886878
"2024-04-15 05:00:00";65739.6445392053;66878.6469049673;59651.3902645616;64926.643211728
"2024-04-22 05:00:00";64935.6331696056;67233.9570363906;62424.7206816789;63113.2316825626
"2024-04-29 05:00:00";63106.3642006694;64703.332363219;56555.2940546252;64031.1328085695
"2024-05-06 05:00:00";64038.3135554184;65494.9017248;60208.7815474421;61448.3946717975
"2024-05-13 05:00:00";61451.2185129853;67694.2987797957;60769.8406689419;66278.3700820502
"2024-05-20 05:00:00";66278.7446711611;71946.462688481;66086.1741180514;68518.089965076
"2024-05-27 05:00:00";68512.1802655161;70597.8795113327;66633.4183418303;67751.6025754618
"2024-06-03 05:00:00";67753.8954139676;71907.8489829092;67589.8364154256;69647.9930028748
"2024-06-10 05:00:00";69644.3127359651;70146.068326324;65056.8930142447;66639.0465356994
"2024-06-17 05:00:00";66636.5154989442;67188.3174738561;62785.5293236621;63180.7982064002
"2024-06-24 05:00:00";63173.3527128475;63292.5271566001;58601.7000722967;62678.292079457
"2024-07-01 05:00:00";62673.6063386528;63777.227541783;53717.3754334207;55849.1106386094
"2024-07-08 05:00:00";55849.5737694153;61329.5291439691;54321.0190639668;60787.7923701369
"2024-07-15 05:00:00";60815.4578978154;68372.9051655897;60704.9291986666;68154.522905866
"2024-07-22 05:00:00";68152.9761329417;69398.5113084796;63473.4732846473;68255.8657690205
"2024-07-29 05:00:00";68259.0549329203;69987.5422080099;57210.8033286504;58116.9769610403
"2024-08-05 05:00:00";58110.2984557763;62673.7639765565;49121.2373775943;58719.483169327
"2024-08-12 05:00:00";58719.3952192515;61687.756592205;56161.5928697264;58483.9649819015
"2024-08-19 05:00:00";58480.7127277463;64996.4201037902;57864.7095096926;64333.5441834656
"2024-08-26 05:00:00";64342.2254421225;64489.7063803201;57217.8238628753;57325.4876891906
"2024-09-02 05:00:00";57326.967287785;59815.056946191;52598.6996623841;54841.5663542288
"2024-09-09 05:00:00";54851.8873519906;60656.7211280316;54598.4337284331;59182.8353338828
"2024-09-16 05:00:00";59185.22685956;64119.530359621;57501.3391727673;63648.7098902519
"2024-09-23 05:00:00";63643.1020803622;66480.6947101072;62628.0786641199;65635.3081461486
"2024-09-30 05:00:00";65634.6601298628;65635.052877058;59878.8034256844;62818.9544761374
"2024-10-07 05:00:00";62819.1093330048;64443.7064117964;58895.2078078197;62851.3749169602
"2024-10-14 05:00:00";62848.3994880925;69359.0070607416;62442.1539998429;69001.7066212849
"2024-10-21 05:00:00";69002.0001468977;69462.7367822244;65188.0352924195;67929.298795622
"2024-10-28 05:00:00";67922.6742726804;73577.2096582116;67482.5254366951;68741.1154919735
"2024-11-04 05:00:00";68742.1346678016;81474.4238878783;66803.649995796;80474.185602194
"2024-11-11 05:00:00";80471.4131920498;93434.3553403447;80283.2476219227;89845.8512088281
"2024-11-18 05:00:00";89843.7154789328;99655.5010786335;89393.5905739655;98013.8209078789
"2024-11-25 05:00:00";98033.4427003163;98935.0318069042;90770.8150406524;97279.7929223558
"2024-12-02 05:00:00";97276.0101170567;103900.4721472336;91998.781701436;101236.0131403532
"2024-12-09 05:00:00";101237.0615213342;105047.5418842031;94321.25879199;104298.6957979219
"2024-12-16 05:00:00";104293.5764606967;108268.4470804361;92175.1804504625;95104.9343710597
"2024-12-23 05:00:00";95099.3919548289;99884.57216657;92403.1313832204;93530.2284378695
"2024-12-30 05:00:00";93527.1974974745;98956.9170426074;91317.1354600511;98314.9594436372
"2025-01-06 05:00:00";98314.9569580597;102712.4856972717;91220.8422602806;94488.4410616268
"2025-01-13 05:00:00";94488.8921736814;106299.7985288669;89260.1001886086;101089.6064983213
"2025-01-20 05:00:00";101083.753465156;109114.8848340883;99471.3589402134;102682.4970331773
"2025-01-27 05:00:00";102680.3035909706;106418.7666945693;96216.0778118839;97688.9793048889
"2025-02-03 05:00:00";97681.1032562505;102514.1746801738;91242.8926025841;96500.0947902698
"2025-02-10 05:00:00";96499.4620926385;98819.468963167;94101.2033270052;96175.0320402609
"2025-02-17 05:00:00";96179.0045652885;99497.9667673705;93388.8322011121;96273.9197465574
"2025-02-24 05:00:00";96277.9637903407;96503.4544271125;78248.9161015268;94248.3505251674
"2025-03-03 05:00:00";94248.4214971805;94429.7478237328;80052.4869785059;80601.0413114199
"2025-03-10 05:00:00";80597.1497836398;85263.2898568471;76624.2524898268;82579.6908921864
"2025-03-17 05:00:00";82576.3342781945;87443.2677695942;81179.9901632846;86054.3718630108
"2025-03-24 05:00:00";86070.9281111585;88758.7296368342;81573.2470657633;82334.5226969202
"2025-03-31 05:00:00";82336.0593457524;88466.9569585923;77097.7409017465;78214.4808171041
"2025-04-07 05:00:00";78221.3331336497;86015.1858492691;74436.6791009452;83684.9790281051
"2025-04-14 05:00:00";83694.5232732834;86429.3484786375;83100.617930143;85174.3016291611
"2025-04-21 05:00:00";85171.5427512029;95768.3924669559;85143.8377085489;93754.846738124
"2025-04-28 05:00:00";93755.3036053418;97905.9008135535;92860.808221058;94315.9748890489
"2025-05-05 05:00:00";94319.5628677338;104961.7643910694;93399.8589076862;104106.3555262647
"2025-05-12 05:00:00";104106.9627066245;106597.1681343974;100814.4025733277;106446.0105544264
"2025-05-19 05:00:00";106430.5327027544;111970.1681100799;102112.6854600726;109035.3870327308
"2025-05-26 05:00:00";109023.7783282035;110744.2078440242;103136.1134508832;105652.0985625249
"2025-06-02 05:00:00";105649.8096322775;106813.5790312666;100436.8859125027;105793.6502275275
"2025-06-09 05:00:00";105793.0211746812;110561.4198181253;102822.0258041497;105552.026954677
"2025-06-16 05:00:00";105555.5929058888;108915.3756027871;98286.2059304254;100987.1395190547
"2025-06-23 05:00:00";100987.4731095285;108526.3070408953;99705.747002114;108385.5700884473
"2025-06-30 05:00:00";108383.4411795601;110541.4615672827;105157.39559599;109232.0697345571
"2025-07-07 05:00:00";109235.3279895239;119449.5719060133;107499.5564675773;119116.1175492467
"2025-07-14 05:00:00";119115.7875096413;123091.612801368;115765.6867265961;117300.7857402877
"2025-07-21 05:00:00";117306.4669821287;120269.9664728629;114759.8232269854;119448.4903295397
"2025-07-28 05:00:00";119457.5219509422;119819.7899002832;111943.8044176949;114217.6729691043
"2025-08-04 05:00:00";114223.9232850182;119320.7140863204;112701.1104004737;119306.7614218206
"2025-08-11 05:00:00";119306.8107653633;124457.1168703663;116864.5734769494;117453.0627100409
"2025-08-18 05:00:00";117453.9063856625;117614.1711543471;111060.5448753841;113458.4322355685
"2025-08-25 05:00:00";113456.8946803248;113637.8418561592;107444.443172336;108236.7098959993
"2025-09-01 05:00:00";108228.7470722929;113357.4891909155;107271.183408171;111167.6195183032
"2025-09-08 05:00:00";111163.0177975035;116769.3825253667;110630.6055984677;115407.6544474289
"2025-09-15 05:00:00";115399.6311438108;117911.7883364225;114461.0631650978;115306.097161289
"2025-09-22 05:00:00";115309.222122245;115431.3090850724;108713.3961781124;112122.6391506148
"2025-09-29 05:00:00";112117.8787939277;125559.2087470555;111589.9506804949;123513.4737139671
"2025-10-06 05:00:00";123510.4499683878;126198.0696034339;104582.41134788;115169.7639246981
"2025-10-13 05:00:00";115161.6758253635;116020.4864826768;103598.4288513281;108666.7115263266
"2025-10-20 05:00:00";108667.4438091444;115260.9051483669;106777.9966071258;114472.443362309
"2025-10-27 05:00:00";114479.8489470502;116273.3142651981;106376.6887666825;110639.6263110151
"2025-11-03 05:00:00";110646.9053337829;110764.9165455239;98962.0641022048;104719.6388959132
"2025-11-10 05:00:00";104723.7707145405;107428.2598485873;92971.1655619193;94177.0744808859
"2025-11-17 05:00:00";94180.8763285011;95928.3695793783;80659.8124264662;86805.008075552
"2025-11-24 05:00:00";86798.7713103499;92969.0865280849;85272.1961643306;90394.308947817
"2025-12-01 05:00:00";90389.1097979024;94060.7728133688;83862.2485209906;90405.6385108749
"2025-12-08 05:00:00";90424.5857615628;94601.5708108212;87634.9370678687;88175.177409907
"2025-12-15 05:00:00";88171.0803769972;90264.5691392445;84436.3154612838;88621.7504151012
"2025-12-22 05:00:00";88621.4013531003;90501.9307541589;86411.799089194;87835.8335114813
"2025-12-29 05:00:00";87835.7913322809;91712.5829741808;86717.915377135;91413.4925215554
"2026-01-05 05:00:00";91414.6286470278;94762.0680922804;89233.8762529428;90827.4598333957
"2026-01-12 05:00:00";90825.8560825378;97860.6038029774;90055.0223259572;93634.431951609
"2026-01-19 05:00:00";93655.6728346166;93660.8291578172;86003.7103774685;86572.2153402734
"2026-01-26 05:00:00";86566.5229094044;90439.288582632;75698.9012063642;76974.4429081583
"2026-02-02 05:00:00";76968.872934252;79258.6084813787;60074.2030063429;70264.7247194654
"2026-02-09 05:00:00";70243.3307083525;71369.9722189747;65092.1080095947;68788.1898191779
"2026-02-16 05:00:00";68782.3993301329;70067.2360207877;65637.4266190222;67659.3914303005
"2026-02-23 05:00:00";67668.4285415465;69953.5338360935;62553.1875018108;65738.0982073395
"2026-03-02 05:00:00";65734.0812948385;74051.8082070944;65303.1357932196;65969.7808015529
"2026-03-09 05:00:00";65969.5834912067;73927.3249086237;65858.0111034878;72789.9172674119
"2026-03-16 05:00:00";72798.1698747055;75988.4005176101;67372.8737891374;67845.2139798662
"2026-03-23 05:00:00";67842.9965276703;71985.7443400234;64971.706029593;65954.9192574161
"2026-03-30 05:00:00";65958.3495258423;69230.3563256967;65725.2568497465;68981.9007921881
"2026-04-06 05:00:00";68982.913469167;73784.232471385;67740.509420096;70753.4083340869
"2026-04-13 05:00:00";70757.6192235042;78320.6779221093;70588.5228261962;73856.3547881724
"2026-04-20 05:00:00";73854.2464044025;79468.0022571901;73775.570201968;78657.5394229309
"2026-04-27 05:00:00";78661.0146171057;79488.1719641042;74958.5697831686;78538.2233852504
"2026-05-04 05:00:00";78540.2903592991;82792.2106473945;78217.9607239472;82138.9313945505
"2026-05-11 05:00:00";82139.0437718544;82326.2327937984;76783.4105513202;77429.3551985341
"2026-05-18 05:00:00";77426.3420503537;78100.5592837523;74255.2326017902;76981.127265297
"2026-05-25 05:00:00";76981.125907291;77990.8665675969;72435.6234578528;73579.6878524867
"2026-06-01 05:00:00";73580.2078337441;73969.5691731288;59108.9172968762;63239.519600145
"2026-06-08 05:00:00";63304.092418233;64185.1778773603;62389.006607421;63284.69708258339